,Mean,Std. Dev.,Minimum,Maximum
FTSE 100 Return (%),0.3342635658914729,3.446856080001065,-13.81,12.35
Inflation - CPI (% Change),3.019379844961241,2.458883051794676,0.2,9.6
Bank Rate (%),1.6267441860465113,1.9213545688811484,0.1,5.25
GDP Growth (% Change),0.4348837209302327,4.193515290801508,-19.9,17.0
GBP/USD Return (%),-0.0841860465116279,2.4286434284629514,-8.09,5.56
