Metric,Value
Model RMSE,2.6943437883983443
Benchmark RMSE,2.393894455345785
Difference,0.3004493330525593
